Date,VIX_1
2009-12-31,22.95
2010-01-01,22.1
2010-01-04,22.1
2010-01-05,21.55
2010-01-06,20.8
2010-01-07,20.45
2010-01-08,19.9
2010-01-11,19.5
2010-01-12,20.25
2010-01-13,19.4
2010-01-14,18.95
2010-01-15,19.65
2010-01-18,17.85
2010-01-19,17.85
2010-01-20,21.4
2010-01-21,22.65
2010-01-22,24.75
2010-01-25,24.35
2010-01-26,24.55
2010-01-27,23.75
2010-01-28,24.0
2010-01-29,24.65
2010-02-01,23.05
2010-02-02,22.1
2010-02-03,22.15
2010-02-04,25.6
2010-02-05,26.1
2010-02-08,26.4
2010-02-09,25.55
2010-02-10,25.5
2010-02-11,24.45
2010-02-12,24.45
2010-02-15,22.6
2010-02-16,22.6
2010-02-17,22.75
2010-02-18,21.8
2010-02-19,21.35
2010-02-22,20.95
2010-02-23,21.65
2010-02-24,21.1
2010-02-25,20.95
2010-02-26,20.4
2010-03-01,20.0
2010-03-02,19.8
2010-03-03,19.6
2010-03-04,19.6
2010-03-05,18.55
2010-03-08,18.35
2010-03-09,18.5
2010-03-10,18.6
2010-03-11,18.6
2010-03-12,18.35
2010-03-15,18.1
2010-03-16,17.45
2010-03-17,20.1
2010-03-18,19.8
2010-03-19,20.2
2010-03-22,19.9
2010-03-23,19.45
2010-03-24,19.9
2010-03-25,20.1
2010-03-26,19.9
2010-03-29,19.5
2010-03-30,19.1
2010-03-31,18.95
2010-04-01,18.8
2010-04-02,18.0
2010-04-05,18.0
2010-04-06,17.45
2010-04-07,17.9
2010-04-08,17.45
2010-04-09,17.2
2010-04-12,17.1
2010-04-13,17.15
2010-04-14,16.7
2010-04-15,16.7
2010-04-16,18.2
2010-04-19,17.4
2010-04-20,16.0
2010-04-21,18.7
2010-04-22,18.65
2010-04-23,18.5
2010-04-26,18.75
2010-04-27,21.05
2010-04-28,20.8
2010-04-29,19.65
2010-04-30,21.6
2010-05-03,20.55
2010-05-04,23.0
2010-05-05,24.15
2010-05-06,29.2
2010-05-07,32.95
2010-05-10,27.45
2010-05-11,27.1
2010-05-12,25.05
2010-05-13,25.85
2010-05-14,30.1
2010-05-17,30.3
2010-05-18,32.7
2010-05-19,31.65
2010-05-20,35.95
2010-05-21,35.75
2010-05-24,35.1
2010-05-25,33.75
2010-05-26,32.8
2010-05-27,29.65
2010-05-28,30.4
2010-05-31,32.55
2010-06-01,32.55
2010-06-02,29.85
2010-06-03,29.6
2010-06-04,33.55
2010-06-07,35.45
2010-06-08,33.45
2010-06-09,33.4
2010-06-10,30.65
2010-06-11,29.3
2010-06-14,28.55
2010-06-15,25.85
2010-06-16,27.8
2010-06-17,27.3
2010-06-18,26.85
2010-06-21,27.1
2010-06-22,28.4
2010-06-23,28.75
2010-06-24,30.65
2010-06-25,29.75
2010-06-28,30.15
2010-06-29,33.5
2010-06-30,33.9
2010-07-01,33.35
2010-07-02,32.05
2010-07-05,29.8
2010-07-06,29.8
2010-07-07,27.6
2010-07-08,27.05
2010-07-09,26.55
2010-07-12,25.85
2010-07-13,25.8
2010-07-14,26.75
2010-07-15,26.5
2010-07-16,28.1
2010-07-19,26.8
2010-07-20,24.4
2010-07-21,28.85
2010-07-22,27.3
2010-07-23,26.6
2010-07-26,25.55
2010-07-27,25.45
2010-07-28,25.75
2010-07-29,25.75
2010-07-30,25.45
2010-08-02,23.85
2010-08-03,24.1
2010-08-04,23.75
2010-08-05,23.8
2010-08-06,23.7
2010-08-09,23.1
2010-08-10,23.25
2010-08-11,25.7
2010-08-12,26.15
2010-08-13,26.75
2010-08-16,26.0
2010-08-17,24.35
2010-08-18,29.0
2010-08-19,29.9
2010-08-20,29.6
2010-08-23,29.0
2010-08-24,29.8
2010-08-25,29.15
2010-08-26,29.55
2010-08-27,27.55
2010-08-30,28.45
2010-08-31,27.9
2010-09-01,25.8
2010-09-02,25.0
2010-09-03,23.6
2010-09-06,24.45
2010-09-07,24.45
2010-09-08,23.85
2010-09-09,23.75
2010-09-10,23.05
2010-09-13,21.7
2010-09-14,21.7
2010-09-15,25.2
2010-09-16,25.1
2010-09-17,25.05
2010-09-20,24.35
2010-09-21,24.45
2010-09-22,24.95
2010-09-23,25.8
2010-09-24,24.2
2010-09-27,24.35
2010-09-28,24.3
2010-09-29,24.7
2010-09-30,25.45
2010-10-01,24.75
2010-10-04,25.15
2010-10-05,23.65
2010-10-06,23.25
2010-10-07,22.95
2010-10-08,21.95
2010-10-11,21.3
2010-10-12,20.65
2010-10-13,20.65
2010-10-14,21.55
2010-10-15,20.95
2010-10-18,19.85
2010-10-19,20.95
2010-10-20,22.6
2010-10-21,22.0
2010-10-22,21.1
2010-10-25,20.95
2010-10-26,21.4
2010-10-27,21.85
2010-10-28,21.75
2010-10-29,21.75
2010-11-01,21.55
2010-11-02,21.0
2010-11-03,19.8
2010-11-04,18.5
2010-11-05,18.55
2010-11-08,18.7
2010-11-09,18.9
2010-11-10,18.65
2010-11-11,18.95
2010-11-12,20.35
2010-11-15,19.75
2010-11-16,22.25
2010-11-17,22.3
2010-11-18,20.75
2010-11-19,20.5
2010-11-22,19.8
2010-11-23,20.75
2010-11-24,19.8
2010-11-25,21.25
2010-11-26,21.25
2010-11-29,21.45
2010-11-30,23.2
2010-12-01,21.9
2010-12-02,19.85
2010-12-03,19.05
2010-12-06,18.6
2010-12-07,18.6
2010-12-08,18.2
2010-12-09,18.0
2010-12-10,18.05
2010-12-13,18.3
2010-12-14,18.7
2010-12-15,19.05
2010-12-16,18.4
2010-12-17,17.6
2010-12-20,16.75
2010-12-21,16.75
2010-12-22,19.25
2010-12-23,19.85
2010-12-24,20.45
2010-12-27,20.45
2010-12-28,20.55
2010-12-29,20.25
2010-12-30,20.1
2010-12-31,19.7
2011-01-03,19.3
2011-01-04,19.1
2011-01-05,18.7
2011-01-06,18.65
2011-01-07,18.7
2011-01-10,18.65
2011-01-11,17.95
2011-01-12,17.0
2011-01-13,16.95
2011-01-14,16.25
2011-01-17,15.9
2011-01-18,15.9
2011-01-19,18.75
2011-01-20,18.65
2011-01-21,18.85
2011-01-24,18.4
2011-01-25,18.2
2011-01-26,17.55
2011-01-27,17.25
2011-01-28,19.4
2011-01-31,19.1
2011-02-01,17.95
2011-02-02,18.05
2011-02-03,17.7
2011-02-04,17.25
2011-02-07,16.95
2011-02-08,16.85
2011-02-09,16.85
2011-02-10,16.9
2011-02-11,16.6
2011-02-14,16.45
2011-02-15,16.7
2011-02-16,18.3
2011-02-17,18.45
2011-02-18,18.6
2011-02-21,21.15
2011-02-22,21.15
2011-02-23,22.25
2011-02-24,21.85
2011-02-25,20.15
2011-02-28,19.2
2011-03-01,21.2
2011-03-02,21.1
2011-03-03,19.7
2011-03-04,20.05
2011-03-07,21.05
2011-03-08,20.45
2011-03-09,21.05
2011-03-10,22.25
2011-03-11,21.3
2011-03-14,21.7
2011-03-15,24.6
2011-03-16,24.9
2011-03-17,24.15
2011-03-18,23.35
2011-03-21,21.6
2011-03-22,21.5
2011-03-23,20.5
2011-03-24,19.95
2011-03-25,19.75
2011-03-28,20.3
2011-03-29,19.6
2011-03-30,19.25
2011-03-31,19.3
2011-04-01,19.05
2011-04-04,18.7
2011-04-05,18.55
2011-04-06,18.35
2011-04-07,18.4
2011-04-08,18.65
2011-04-11,18.4
2011-04-12,18.7
2011-04-13,18.3
2011-04-14,17.9
2011-04-15,16.75
2011-04-18,17.3
2011-04-19,16.0
2011-04-20,18.15
2011-04-21,17.9
2011-04-22,17.45
2011-04-25,17.45
2011-04-26,17.3
2011-04-27,17.0
2011-04-28,16.75
2011-04-29,16.7
2011-05-02,17.25
2011-05-03,17.7
2011-05-04,17.95
2011-05-05,18.3
2011-05-06,18.15
2011-05-09,17.45
2011-05-10,16.65
2011-05-11,17.2
2011-05-12,16.65
2011-05-13,17.35
2011-05-16,18.0
2011-05-17,17.75
2011-05-18,18.05
2011-05-19,17.65
2011-05-20,18.05
2011-05-23,18.55
2011-05-24,18.3
2011-05-25,17.95
2011-05-26,17.45
2011-05-27,17.1
2011-05-30,16.55
2011-05-31,16.55
2011-06-01,17.95
2011-06-02,17.8
2011-06-03,17.95
2011-06-06,18.2
2011-06-07,18.1
2011-06-08,18.5
2011-06-09,17.75
2011-06-10,18.9
2011-06-13,19.55
2011-06-14,18.2
2011-06-15,20.95
2011-06-16,21.95
2011-06-17,21.45
2011-06-20,20.45
2011-06-21,19.95
2011-06-22,20.3
2011-06-23,19.85
2011-06-24,21.05
2011-06-27,20.6
2011-06-28,19.5
2011-06-29,18.5
2011-06-30,17.7
2011-07-01,16.95
2011-07-04,16.95
2011-07-05,16.95
2011-07-06,17.25
2011-07-07,16.75
2011-07-08,17.1
2011-07-11,18.85
2011-07-12,19.6
2011-07-13,19.9
2011-07-14,20.65
2011-07-15,20.15
2011-07-18,21.15
2011-07-19,19.25
2011-07-20,19.35
2011-07-21,18.35
2011-07-22,18.25
2011-07-25,19.35
2011-07-26,19.65
2011-07-27,21.3
2011-07-28,21.35
2011-07-29,21.1
2011-08-01,20.7
2011-08-02,22.3
2011-08-03,22.0
2011-08-04,27.45
2011-08-05,29.15
2011-08-08,36.55
2011-08-09,30.5
2011-08-10,36.0
2011-08-11,35.15
2011-08-12,35.0
2011-08-15,32.1
2011-08-16,33.65
2011-08-17,27.95
2011-08-18,33.4
2011-08-19,35.35
2011-08-22,36.45
2011-08-23,34.3
2011-08-24,33.55
2011-08-25,34.75
2011-08-26,34.0
2011-08-29,31.65
2011-08-30,32.5
2011-08-31,31.65
2011-09-01,32.15
2011-09-02,34.5
2011-09-05,35.75
2011-09-06,35.75
2011-09-07,33.55
2011-09-08,34.6
2011-09-09,38.55
2011-09-12,38.3
2011-09-13,37.85
2011-09-14,35.75
2011-09-15,33.2
2011-09-16,32.05
2011-09-19,33.7
2011-09-20,33.5
2011-09-21,35.75
2011-09-22,38.55
2011-09-23,39.1
2011-09-26,37.5
2011-09-27,36.75
2011-09-28,39.45
2011-09-29,38.6
2011-09-30,42.15
2011-10-03,45.05
2011-10-04,40.8
2011-10-05,38.45
2011-10-06,37.85
2011-10-07,37.95
2011-10-10,34.7
2011-10-11,34.5
2011-10-12,32.25
2011-10-13,32.1
2011-10-14,29.75
2011-10-17,34.2
2011-10-18,32.15
2011-10-19,33.85
2011-10-20,34.1
2011-10-21,31.6
2011-10-24,29.75
2011-10-25,32.4
2011-10-26,30.5
2011-10-27,26.2
2011-10-28,26.25
2011-10-31,29.95
2011-11-01,33.95
2011-11-02,32.7
2011-11-03,30.95
2011-11-04,31.4
2011-11-07,31.1
2011-11-08,28.9
2011-11-09,36.45
2011-11-10,33.45
2011-11-11,31.4
2011-11-14,32.1
2011-11-15,32.05
2011-11-16,32.65
2011-11-17,33.75
2011-11-18,32.35
2011-11-21,32.95
2011-11-22,32.3
2011-11-23,33.6
2011-11-24,34.5
2011-11-25,34.5
2011-11-28,32.0
2011-11-29,31.35
2011-11-30,28.35
2011-12-01,27.9
2011-12-02,27.8
2011-12-05,27.8
2011-12-06,28.1
2011-12-07,28.6
2011-12-08,30.15
2011-12-09,27.2
2011-12-12,27.6
2011-12-13,27.1
2011-12-14,27.1
2011-12-15,26.35
2011-12-16,26.1
2011-12-19,25.6
2011-12-20,23.85
2011-12-21,24.5
2011-12-22,25.1
2011-12-23,25.7
2011-12-26,25.45
2011-12-27,25.45
2011-12-28,26.7
2011-12-29,25.95
2011-12-30,26.7
2012-01-02,24.8
2012-01-03,24.8
2012-01-04,24.2
2012-01-05,23.75
2012-01-06,23.05
2012-01-09,22.85
2012-01-10,22.35
2012-01-11,22.95
2012-01-12,22.2
2012-01-13,22.55
2012-01-16,22.45
2012-01-17,22.45
2012-01-18,23.2
2012-01-19,22.55
2012-01-20,21.85
2012-01-23,21.3
2012-01-24,21.2
2012-01-25,20.6
2012-01-26,20.55
2012-01-27,20.15
2012-01-30,20.7
2012-01-31,20.9
2012-02-01,19.85
2012-02-02,19.15
2012-02-03,17.95
2012-02-06,18.1
2012-02-07,18.4
2012-02-08,19.2
2012-02-09,20.0
2012-02-10,21.75
2012-02-13,19.25
2012-02-14,19.8
2012-02-15,24.25
2012-02-16,22.8
2012-02-17,22.6
2012-02-20,22.55
2012-02-21,22.55
2012-02-22,21.8
2012-02-23,20.25
2012-02-24,21.2
2012-02-27,21.55
2012-02-28,20.85
2012-02-29,21.0
2012-03-01,20.05
2012-03-02,20.4
2012-03-05,20.15
2012-03-06,22.5
2012-03-07,20.65
2012-03-08,19.7
2012-03-09,19.05
2012-03-12,17.75
2012-03-13,17.0
2012-03-14,17.8
2012-03-15,17.05
2012-03-16,16.15
2012-03-19,15.55
2012-03-20,15.65
2012-03-21,18.1
2012-03-22,18.35
2012-03-23,17.0
2012-03-26,15.6
2012-03-27,17.6
2012-03-28,17.65
2012-03-29,17.1
2012-03-30,16.8
2012-04-02,17.0
2012-04-03,17.25
2012-04-04,17.95
2012-04-05,18.45
2012-04-06,19.6
2012-04-09,19.6
2012-04-10,21.15
2012-04-11,20.7
2012-04-12,18.2
2012-04-13,19.95
2012-04-16,19.85
2012-04-17,18.2
2012-04-18,20.55
2012-04-19,20.4
2012-04-20,19.7
2012-04-23,20.6
2012-04-24,19.75
2012-04-25,18.55
2012-04-26,18.0
2012-04-27,18.05
2012-04-30,18.45
2012-05-01,18.0
2012-05-02,18.05
2012-05-03,18.8
2012-05-04,20.0
2012-05-07,19.35
2012-05-08,19.55
2012-05-09,20.5
2012-05-10,19.35
2012-05-11,20.1
2012-05-14,21.95
2012-05-15,21.85
2012-05-16,24.4
2012-05-17,26.2
2012-05-18,28.2
2012-05-21,24.25
2012-05-22,24.95
2012-05-23,24.8
2012-05-24,24.25
2012-05-25,24.55
2012-05-28,23.0
2012-05-29,23.0
2012-05-30,25.7
2012-05-31,26.0
2012-06-01,27.75
2012-06-04,26.95
2012-06-05,25.6
2012-06-06,23.4
2012-06-07,23.05
2012-06-08,21.7
2012-06-11,24.55
2012-06-12,23.45
2012-06-13,24.95
2012-06-14,22.95
2012-06-15,21.5
2012-06-18,19.0
2012-06-19,18.45
2012-06-20,20.45
2012-06-21,23.35
2012-06-22,21.85
2012-06-25,22.45
2012-06-26,21.75
2012-06-27,21.7
2012-06-28,21.35
2012-06-29,19.55
2012-07-02,18.15
2012-07-03,17.7
2012-07-04,18.8
2012-07-05,18.8
2012-07-06,18.25
2012-07-09,18.4
2012-07-10,19.25
2012-07-11,18.3
2012-07-12,18.5
2012-07-13,17.45
2012-07-16,17.3
2012-07-17,16.65
2012-07-18,18.65
2012-07-19,18.2
2012-07-20,19.15
2012-07-23,20.8
2012-07-24,21.85
2012-07-25,21.1
2012-07-26,19.15
2012-07-27,18.6
2012-07-30,19.5
2012-07-31,19.9
2012-08-01,19.7
2012-08-02,18.7
2012-08-03,17.2
2012-08-06,16.85
2012-08-07,17.65
2012-08-08,16.8
2012-08-09,16.55
2012-08-10,16.35
2012-08-13,15.8
2012-08-14,16.4
2012-08-15,16.2
2012-08-16,15.9
2012-08-17,15.1
2012-08-20,14.65
2012-08-21,14.9
2012-08-22,19.0
2012-08-23,19.3
2012-08-24,18.55
2012-08-27,18.8
2012-08-28,19.0
2012-08-29,19.25
2012-08-30,19.7
2012-08-31,18.95
2012-09-03,18.65
2012-09-04,18.65
2012-09-05,18.15
2012-09-06,16.1
2012-09-07,15.1
2012-09-10,16.5
2012-09-11,16.6
2012-09-12,15.8
2012-09-13,14.9
2012-09-14,15.75
2012-09-17,15.0
2012-09-18,14.3
2012-09-19,16.05
2012-09-20,16.4
2012-09-21,16.05
2012-09-24,15.9
2012-09-25,17.15
2012-09-26,17.75
2012-09-27,16.1
2012-09-28,16.4
2012-10-01,16.95
2012-10-02,16.6
2012-10-03,16.5
2012-10-04,15.8
2012-10-05,15.75
2012-10-08,15.9
2012-10-09,16.7
2012-10-10,16.75
2012-10-11,16.2
2012-10-12,16.65
2012-10-15,15.7
2012-10-16,15.5
2012-10-17,16.45
2012-10-18,16.7
2012-10-19,17.6
2012-10-22,17.35
2012-10-23,19.2
2012-10-24,18.75
2012-10-25,18.3
2012-10-26,18.25
2012-10-29,18.95
2012-10-30,18.95
2012-10-31,18.95
2012-11-01,16.9
2012-11-02,17.8
2012-11-05,18.1
2012-11-06,17.05
2012-11-07,18.85
2012-11-08,18.5
2012-11-09,18.6
2012-11-12,17.1
2012-11-13,16.95
2012-11-14,17.85
2012-11-15,18.05
2012-11-16,16.75
2012-11-19,15.25
2012-11-20,15.15
2012-11-21,16.45
2012-11-22,16.1
2012-11-23,16.1
2012-11-26,15.6
2012-11-27,16.15
2012-11-28,15.5
2012-11-29,15.25
2012-11-30,15.55
2012-12-03,16.4
2012-12-04,16.5
2012-12-05,16.1
2012-12-06,16.4
2012-12-07,16.0
2012-12-10,16.0
2012-12-11,15.55
2012-12-12,16.1
2012-12-13,16.6
2012-12-14,16.85
2012-12-17,16.2
2012-12-18,15.55
2012-12-19,17.1
2012-12-20,17.5
2012-12-21,18.25
2012-12-24,18.65
2012-12-25,19.5
2012-12-26,19.5
2012-12-27,19.1
2012-12-28,22.35
2012-12-31,17.7
2013-01-01,15.6
2013-01-02,15.6
2013-01-03,15.9
2013-01-04,15.3
2013-01-07,14.75
2013-01-08,14.65
2013-01-09,14.7
2013-01-10,14.2
2013-01-11,14.15
2013-01-14,14.1
2013-01-15,14.2
2013-01-16,15.5
2013-01-17,15.7
2013-01-18,14.65
2013-01-21,14.05
2013-01-22,14.05
2013-01-23,13.7
2013-01-24,13.95
2013-01-25,14.1
2013-01-28,14.6
2013-01-29,14.05
2013-01-30,15.15
2013-01-31,14.9
2013-02-01,14.3
2013-02-04,15.3
2013-02-05,14.4
2013-02-06,14.15
2013-02-07,14.1
2013-02-08,13.8
2013-02-11,13.5
2013-02-12,13.0
2013-02-13,14.75
2013-02-14,14.55
2013-02-15,14.5
2013-02-18,13.9
2013-02-19,13.9
2013-02-20,15.4
2013-02-21,15.5
2013-02-22,14.85
2013-02-25,17.65
2013-02-26,17.05
2013-02-27,15.4
2013-02-28,16.15
2013-03-01,16.4
2013-03-04,15.0
2013-03-05,14.55
2013-03-06,14.7
2013-03-07,14.2
2013-03-08,13.8
2013-03-11,13.0
2013-03-12,13.25
2013-03-13,12.95
2013-03-14,12.55
2013-03-15,12.55
2013-03-18,13.7
2013-03-19,14.8
2013-03-20,14.5
2013-03-21,14.95
2013-03-22,14.8
2013-03-25,14.55
2013-03-26,14.2
2013-03-27,14.4
2013-03-28,14.2
2013-03-29,14.4
2013-04-01,14.4
2013-04-02,13.8
2013-04-03,14.65
2013-04-04,14.25
2013-04-05,14.35
2013-04-08,13.65
2013-04-09,13.6
2013-04-10,13.1
2013-04-11,13.15
2013-04-12,12.75
2013-04-15,16.7
2013-04-16,13.95
2013-04-17,16.45
2013-04-18,17.2
2013-04-19,15.95
2013-04-22,15.3
2013-04-23,14.55
2013-04-24,14.65
2013-04-25,14.8
2013-04-26,14.8
2013-04-29,14.75
2013-04-30,14.45
2013-05-01,15.15
2013-05-02,14.55
2013-05-03,14.25
2013-05-06,13.9
2013-05-07,13.85
2013-05-08,14.0
2013-05-09,14.2
2013-05-10,13.85
2013-05-13,13.65
2013-05-14,13.55
2013-05-15,13.7
2013-05-16,13.95
2013-05-17,13.2
2013-05-20,13.3
2013-05-21,13.55
2013-05-22,15.3
2013-05-23,15.5
2013-05-24,15.5
2013-05-27,15.2
2013-05-28,15.2
2013-05-29,15.4
2013-05-30,15.4
2013-05-31,16.05
2013-06-03,16.0
2013-06-04,16.1
2013-06-05,17.05
2013-06-06,16.55
2013-06-07,15.8
2013-06-10,15.6
2013-06-11,16.9
2013-06-12,18.25
2013-06-13,16.8
2013-06-14,17.55
2013-06-17,16.95
2013-06-18,16.8
2013-06-19,17.55
2013-06-20,19.65
2013-06-21,19.0
2013-06-24,20.15
2013-06-25,19.45
2013-06-26,18.85
2013-06-27,18.2
2013-06-28,18.05
2013-07-01,17.65
2013-07-02,17.6
2013-07-03,17.25
2013-07-04,15.95
2013-07-05,15.95
2013-07-08,15.35
2013-07-09,15.1
2013-07-10,14.85
2013-07-11,14.5
2013-07-12,14.65
2013-07-15,14.05
2013-07-16,14.25
2013-07-17,15.6
2013-07-18,15.45
2013-07-19,14.9
2013-07-22,14.7
2013-07-23,14.65
2013-07-24,14.8
2013-07-25,14.5
2013-07-26,14.45
2013-07-29,14.65
2013-07-30,14.3
2013-07-31,13.9
2013-08-01,13.6
2013-08-02,13.15
2013-08-05,13.05
2013-08-06,13.4
2013-08-07,13.55
2013-08-08,13.25
2013-08-09,13.55
2013-08-12,13.35
2013-08-13,13.1
2013-08-14,13.35
2013-08-15,14.25
2013-08-16,14.45
2013-08-19,15.05
2013-08-20,15.0
2013-08-21,16.1
2013-08-22,15.45
2013-08-23,15.2
2013-08-26,15.85
2013-08-27,17.2
2013-08-28,17.35
2013-08-29,17.35
2013-08-30,17.5
2013-09-02,16.85
2013-09-03,16.85
2013-09-04,16.7
2013-09-05,16.4
2013-09-06,16.5
2013-09-09,15.8
2013-09-10,15.15
2013-09-11,14.55
2013-09-12,14.8
2013-09-13,14.8
2013-09-16,14.7
2013-09-17,14.65
2013-09-18,14.7
2013-09-19,14.75
2013-09-20,15.0
2013-09-23,15.35
2013-09-24,15.05
2013-09-25,15.05
2013-09-26,14.8
2013-09-27,15.5
2013-09-30,16.2
2013-10-01,15.45
2013-10-02,16.35
2013-10-03,17.25
2013-10-04,16.8
2013-10-07,18.5
2013-10-08,19.4
2013-10-09,18.85
2013-10-10,16.4
2013-10-11,15.7
2013-10-14,15.9
2013-10-15,18.2
2013-10-16,15.55
2013-10-17,14.55
2013-10-18,14.35
2013-10-21,14.6
2013-10-22,14.6
2013-10-23,14.7
2013-10-24,14.45
2013-10-25,14.5
2013-10-28,14.55
2013-10-29,14.45
2013-10-30,14.55
2013-10-31,14.5
2013-11-01,14.45
2013-11-04,13.95
2013-11-05,14.0
2013-11-06,13.7
2013-11-07,14.25
2013-11-08,13.6
2013-11-11,13.3
2013-11-12,13.35
2013-11-13,13.25
2013-11-14,13.05
2013-11-15,12.95
2013-11-18,13.3
2013-11-19,13.6
2013-11-20,14.15
2013-11-21,13.7
2013-11-22,13.6
2013-11-25,13.65
2013-11-26,13.75
2013-11-27,13.85
2013-11-28,13.95
2013-11-29,13.95
2013-12-02,14.3
2013-12-03,14.65
2013-12-04,14.25
2013-12-05,14.55
2013-12-06,13.95
2013-12-09,13.75
2013-12-10,13.95
2013-12-11,14.9
2013-12-12,15.4
2013-12-13,15.5
2013-12-16,15.9
2013-12-17,16.25
2013-12-18,14.5
2013-12-19,14.45
2013-12-20,14.45
2013-12-23,13.9
2013-12-24,13.4
2013-12-25,13.4
2013-12-26,13.4
2013-12-27,13.7
2013-12-30,13.9
2013-12-31,13.95
2014-01-01,14.2
2014-01-02,14.2
2014-01-03,14.05
2014-01-06,13.9
2014-01-07,13.65
2014-01-08,13.7
2014-01-09,13.65
2014-01-10,13.25
2014-01-13,13.8
2014-01-14,13.1
2014-01-15,13.15
2014-01-16,13.45
2014-01-17,13.45
2014-01-20,13.25
2014-01-21,13.25
2014-01-22,13.85
2014-01-23,14.2
2014-01-24,16.2
2014-01-27,16.1
2014-01-28,15.2
2014-01-29,16.4
2014-01-30,16.65
2014-01-31,17.6
2014-02-03,19.2
2014-02-04,18.65
2014-02-05,19.15
2014-02-06,17.0
2014-02-07,15.5
2014-02-10,15.65
2014-02-11,15.05
2014-02-12,14.55
2014-02-13,14.6
2014-02-14,14.2
2014-02-17,14.25
2014-02-18,14.25
2014-02-19,15.4
2014-02-20,14.95
2014-02-21,15.15
2014-02-24,15.0
2014-02-25,14.9
2014-02-26,15.3
2014-02-27,15.1
2014-02-28,15.25
2014-03-03,16.6
2014-03-04,15.1
2014-03-05,15.15
2014-03-06,15.05
2014-03-07,15.5
2014-03-10,15.3
2014-03-11,15.55
2014-03-12,15.3
2014-03-13,16.6
2014-03-14,17.7
2014-03-17,16.15
2014-03-18,15.6
2014-03-19,16.0
2014-03-20,15.75
2014-03-21,16.0
2014-03-24,15.95
2014-03-25,15.7
2014-03-26,16.05
2014-03-27,15.75
2014-03-28,15.6
2014-03-31,15.15
2014-04-01,14.5
2014-04-02,14.6
2014-04-03,14.45
2014-04-04,14.85
2014-04-07,15.5
2014-04-08,15.15
2014-04-09,14.5
2014-04-10,15.85
2014-04-11,16.85
2014-04-14,16.2
2014-04-15,15.6
2014-04-16,15.9
2014-04-17,15.6
2014-04-18,15.4
2014-04-21,15.4
2014-04-22,15.25
2014-04-23,15.4
2014-04-24,15.5
2014-04-25,15.6
2014-04-28,15.2
2014-04-29,15.0
2014-04-30,15.0
2014-05-01,14.9
2014-05-02,14.9
2014-05-05,14.6
2014-05-06,14.75
2014-05-07,14.4
2014-05-08,14.45
2014-05-09,14.05
2014-05-12,13.5
2014-05-13,13.5
2014-05-14,13.25
2014-05-15,13.7
2014-05-16,13.25
2014-05-19,13.0
2014-05-20,13.05
2014-05-21,14.1
2014-05-22,14.05
2014-05-23,13.9
2014-05-26,13.45
2014-05-27,13.45
2014-05-28,13.45
2014-05-29,13.3
2014-05-30,13.3
2014-06-02,13.2
2014-06-03,13.3
2014-06-04,13.2
2014-06-05,12.65
2014-06-06,12.0
2014-06-09,12.2
2014-06-10,12.05
2014-06-11,12.5
2014-06-12,13.2
2014-06-13,12.95
2014-06-16,13.05
2014-06-17,12.35
2014-06-18,12.7
2014-06-19,12.8
2014-06-20,12.9
2014-06-23,12.6
2014-06-24,13.1
2014-06-25,12.65
2014-06-26,12.75
2014-06-27,12.65
2014-06-30,12.45
2014-07-01,12.1
2014-07-02,11.95
2014-07-03,11.8
2014-07-04,12.15
2014-07-07,12.15
2014-07-08,12.4
2014-07-09,12.25
2014-07-10,13.0
2014-07-11,12.65
2014-07-14,12.05
2014-07-15,12.2
2014-07-16,12.7
2014-07-17,13.7
2014-07-18,13.0
2014-07-21,13.4
2014-07-22,13.0
2014-07-23,13.05
2014-07-24,13.2
2014-07-25,13.5
2014-07-28,13.35
2014-07-29,13.45
2014-07-30,13.55
2014-07-31,15.2
2014-08-01,16.05
2014-08-04,14.95
2014-08-05,16.15
2014-08-06,16.2
2014-08-07,16.65
2014-08-08,16.0
2014-08-11,14.8
2014-08-12,14.65
2014-08-13,13.55
2014-08-14,12.95
2014-08-15,13.25
2014-08-18,12.55
2014-08-19,12.2
2014-08-20,13.5
2014-08-21,13.4
2014-08-22,13.5
2014-08-25,13.35
2014-08-26,13.45
2014-08-27,13.55
2014-08-28,13.6
2014-08-29,13.8
2014-09-01,13.75
2014-09-02,13.75
2014-09-03,13.5
2014-09-04,13.55
2014-09-05,13.2
2014-09-08,13.35
2014-09-09,13.85
2014-09-10,13.7
2014-09-11,13.55
2014-09-12,14.05
2014-09-15,14.4
2014-09-16,13.05
2014-09-17,14.25
2014-09-18,14.05
2014-09-19,14.15
2014-09-22,14.9
2014-09-23,15.4
2014-09-24,14.65
2014-09-25,15.8
2014-09-26,15.35
2014-09-29,16.25
2014-09-30,16.3
2014-10-01,16.9
2014-10-02,16.55
2014-10-03,15.2
2014-10-06,15.75
2014-10-07,17.1
2014-10-08,15.25
2014-10-09,17.2
2014-10-10,19.8
2014-10-13,22.75
2014-10-14,20.9
2014-10-15,23.95
2014-10-16,22.3
2014-10-17,21.0
2014-10-20,18.5
2014-10-21,16.35
2014-10-22,18.1
2014-10-23,17.3
2014-10-24,16.95
2014-10-27,16.95
2014-10-28,15.7
2014-10-29,16.3
2014-10-30,16.15
2014-10-31,15.8
2014-11-03,15.95
2014-11-04,15.85
2014-11-05,15.3
2014-11-06,14.9
2014-11-07,14.8
2014-11-10,14.0
2014-11-11,14.1
2014-11-12,14.4
2014-11-13,14.7
2014-11-14,14.35
2014-11-17,14.35
2014-11-18,14.0
2014-11-19,14.55
2014-11-20,15.15
2014-11-21,14.95
2014-11-24,14.55
2014-11-25,14.45
2014-11-26,14.2
2014-11-27,14.85
2014-11-28,14.85
2014-12-01,15.6
2014-12-02,14.25
2014-12-03,14.25
2014-12-04,13.95
2014-12-05,13.6
2014-12-08,14.7
2014-12-09,14.9
2014-12-10,17.4
2014-12-11,19.1
2014-12-12,19.6
2014-12-15,19.6
2014-12-16,23.1
2014-12-17,22.3
2014-12-18,17.2
2014-12-19,16.55
2014-12-22,16.425
2014-12-23,15.925
2014-12-24,16.225
2014-12-25,15.825
2014-12-26,15.825
2014-12-29,16.075
2014-12-30,16.425
2014-12-31,18.025
2015-01-01,17.825
2015-01-02,17.825
2015-01-05,19.125
2015-01-06,19.875
2015-01-07,18.85
2015-01-08,17.675
2015-01-09,18.625
2015-01-12,19.575
2015-01-13,20.175
2015-01-14,20.575
2015-01-15,21.475
2015-01-16,20.625
2015-01-19,20.175
2015-01-20,20.175
2015-01-21,20.6
2015-01-22,17.875
2015-01-23,18.375
2015-01-26,17.225
2015-01-27,17.875
2015-01-28,20.475
2015-01-29,19.075
2015-01-30,21.025
2015-02-02,19.975
2015-02-03,18.875
2015-02-04,19.775
2015-02-05,18.675
2015-02-06,19.175
2015-02-09,19.625
2015-02-10,18.575
2015-02-11,18.425
2015-02-12,16.875
2015-02-13,16.5
2015-02-16,16.2
2015-02-17,16.2
2015-02-18,16.1
2015-02-19,17.625
2015-02-20,16.925
2015-02-23,17.025
2015-02-24,16.125
2015-02-25,16.425
2015-02-26,16.025
2015-02-27,15.825
2015-03-02,15.325
2015-03-03,15.775
2015-03-04,15.725
2015-03-05,15.325
2015-03-06,16.225
2015-03-09,15.825
2015-03-10,16.925
2015-03-11,17.225
2015-03-12,15.875
2015-03-13,16.425
2015-03-16,16.125
2015-03-17,15.625
2015-03-18,16.05
2015-03-19,16.525
2015-03-20,16.175
2015-03-23,16.075
2015-03-24,15.875
2015-03-25,16.575
2015-03-26,16.475
2015-03-27,16.225
2015-03-30,15.775
2015-03-31,16.275
2015-04-01,16.025
2015-04-02,15.625
2015-04-03,15.275
2015-04-06,15.275
2015-04-07,15.275
2015-04-08,14.825
2015-04-09,14.075
2015-04-10,13.425
2015-04-13,14.325
2015-04-14,13.575
2015-04-15,13.25
2015-04-16,15.125
2015-04-17,15.675
2015-04-20,15.175
2015-04-21,15.125
2015-04-22,14.925
2015-04-23,14.725
2015-04-24,14.625
2015-04-27,15.125
2015-04-28,14.475
2015-04-29,15.075
2015-04-30,15.525
2015-05-01,14.475
2015-05-04,14.475
2015-05-05,15.225
2015-05-06,15.675
2015-05-07,15.425
2015-05-08,14.375
2015-05-11,14.925
2015-05-12,14.625
2015-05-13,14.325
2015-05-14,13.725
2015-05-15,13.675
2015-05-18,13.275
2015-05-19,13.125
2015-05-20,13.11
2015-05-21,14.325
2015-05-22,14.425
2015-05-25,14.925
2015-05-26,14.925
2015-05-27,14.525
2015-05-28,14.475
2015-05-29,14.625
2015-06-01,14.575
2015-06-02,14.875
2015-06-03,14.375
2015-06-04,14.975
2015-06-05,14.725
2015-06-08,15.225
2015-06-09,14.825
2015-06-10,13.875
2015-06-11,13.525
2015-06-12,14.2
2015-06-15,15.475
2015-06-16,14.925
2015-06-17,14.85
2015-06-18,14.975
2015-06-19,15.425
2015-06-22,14.525
2015-06-23,14.075
2015-06-24,14.575
2015-06-25,14.625
2015-06-26,14.525
2015-06-29,17.375
2015-06-30,17.325
2015-07-01,15.925
2015-07-02,16.925
2015-07-03,17.225
2015-07-06,17.225
2015-07-07,16.325
2015-07-08,18.425
2015-07-09,18.825
2015-07-10,16.775
2015-07-13,14.475
2015-07-14,14.075
2015-07-15,13.975
2015-07-16,12.925
2015-07-17,12.925
2015-07-20,12.525
2015-07-21,12.375
2015-07-22,12.95
2015-07-23,14.275
2015-07-24,14.9
2015-07-27,15.775
2015-07-28,14.375
2015-07-29,14.075
2015-07-30,13.925
2015-07-31,13.975
2015-08-03,13.875
2015-08-04,14.125
2015-08-05,13.925
2015-08-06,14.475
2015-08-07,14.275
2015-08-10,13.575
2015-08-11,14.475
2015-08-12,14.325
2015-08-13,14.175
2015-08-14,14.275
2015-08-17,13.825
2015-08-18,14.275
2015-08-19,14.45
2015-08-20,17.325
2015-08-21,19.9
2015-08-24,25.125
2015-08-25,25.325
2015-08-26,23.725
2015-08-27,24.175
2015-08-28,24.425
2015-08-31,26.425
2015-09-01,29.725
2015-09-02,25.975
2015-09-03,25.625
2015-09-04,28.025
2015-09-07,24.625
2015-09-08,24.625
2015-09-09,25.825
2015-09-10,24.7
2015-09-11,23.8
2015-09-14,23.725
2015-09-15,22.575
2015-09-16,22.4
2015-09-17,20.425
2015-09-18,21.525
2015-09-21,19.675
2015-09-22,21.775
2015-09-23,21.125
2015-09-24,21.875
2015-09-25,22.325
2015-09-28,24.075
2015-09-29,23.875
2015-09-30,23.025
2015-10-01,22.225
2015-10-02,21.075
2015-10-05,19.875
2015-10-06,20.325
2015-10-07,19.475
2015-10-08,18.425
2015-10-09,18.175
2015-10-12,16.725
2015-10-13,18.275
2015-10-14,18.325
2015-10-15,16.575
2015-10-16,16.1
2015-10-19,15.275
2015-10-20,16.075
2015-10-21,15.5
2015-10-22,16.025
2015-10-23,16.6
2015-10-26,16.925
2015-10-27,16.475
2015-10-28,15.975
2015-10-29,16.175
2015-10-30,16.625
2015-11-02,15.875
2015-11-03,16.125
2015-11-04,16.725
2015-11-05,16.025
2015-11-06,15.675
2015-11-09,17.025
2015-11-10,16.225
2015-11-11,16.775
2015-11-12,18.575
2015-11-13,20.325
2015-11-16,18.075
2015-11-17,18.975
2015-11-18,18.65
2015-11-19,18.175
2015-11-20,17.425
2015-11-23,17.025
2015-11-24,17.425
2015-11-25,16.775
2015-11-26,17.175
2015-11-27,17.175
2015-11-30,16.975
2015-12-01,16.125
2015-12-02,16.775
2015-12-03,18.325
2015-12-04,16.225
2015-12-07,16.525
2015-12-08,17.775
2015-12-09,18.975
2015-12-10,19.325
2015-12-11,23.65
2015-12-14,22.425
2015-12-15,20.625
2015-12-16,19.9
2015-12-17,19.275
2015-12-18,20.425
2015-12-21,18.825
2015-12-22,17.825
2015-12-23,17.875
2015-12-24,18.225
2015-12-25,17.825
2015-12-28,17.825
2015-12-29,17.475
2015-12-30,18.35
2015-12-31,18.525
2016-01-01,19.825
2016-01-04,19.825
2016-01-05,19.425
2016-01-06,20.325
2016-01-07,23.525
2016-01-08,25.275
2016-01-11,23.475
2016-01-12,22.075
2016-01-13,24.725
2016-01-14,23.575
2016-01-15,26.475
2016-01-18,25.85
2016-01-19,25.85
2016-01-20,28.3
2016-01-21,25.075
2016-01-22,22.725
2016-01-25,24.025
2016-01-26,22.925
2016-01-27,23.775
2016-01-28,23.275
2016-01-29,21.625
2016-02-01,21.525
2016-02-02,23.175
2016-02-03,22.775
2016-02-04,23.075
2016-02-05,24.125
2016-02-08,25.425
2016-02-09,26.125
2016-02-10,26.275
2016-02-11,28.125
2016-02-12,26.875
2016-02-15,24.725
2016-02-16,24.725
2016-02-17,24.05
2016-02-18,22.775
2016-02-19,22.375
2016-02-22,21.025
2016-02-23,22.175
2016-02-24,21.775
2016-02-25,20.825
2016-02-26,21.475
2016-02-29,21.775
2016-03-01,19.425
2016-03-02,19.275
2016-03-03,18.325
2016-03-04,18.925
2016-03-07,18.575
2016-03-08,19.625
2016-03-09,19.075
2016-03-10,18.95
2016-03-11,17.625
2016-03-14,17.425
2016-03-15,16.9
2016-03-16,17.0
2016-03-17,17.775
2016-03-18,17.725
2016-03-21,16.975
2016-03-22,16.825
2016-03-23,17.725
2016-03-24,17.375
2016-03-25,17.125
2016-03-28,17.125
2016-03-29,16.075
2016-03-30,15.85
2016-03-31,15.925
2016-04-01,15.425
2016-04-04,15.925
2016-04-05,16.775
2016-04-06,15.625
2016-04-07,17.275
2016-04-08,16.675
2016-04-11,17.075
2016-04-12,15.925
2016-04-13,14.825
2016-04-14,14.675
2016-04-15,14.725
2016-04-18,13.825
2016-04-19,13.25
2016-04-20,12.66
2016-04-21,16.775
2016-04-22,16.175
2016-04-25,16.225
2016-04-26,15.925
2016-04-27,15.475
2016-04-28,16.475
2016-04-29,16.875
2016-05-02,15.775
2016-05-03,16.625
2016-05-04,16.875
2016-05-05,16.725
2016-05-06,15.725
2016-05-09,15.475
2016-05-10,14.525
2016-05-11,15.625
2016-05-12,15.225
2016-05-13,15.875
2016-05-16,15.125
2016-05-17,15.425
2016-05-18,15.6
2016-05-19,17.975
2016-05-20,17.325
2016-05-23,17.575
2016-05-24,16.475
2016-05-25,16.175
2016-05-26,15.825
2016-05-27,15.375
2016-05-30,15.275
2016-05-31,15.275
2016-06-01,15.275
2016-06-02,14.825
2016-06-03,14.725
2016-06-06,14.475
2016-06-07,14.725
2016-06-08,14.975
2016-06-09,15.475
2016-06-10,17.525
2016-06-13,21.325
2016-06-14,20.575
2016-06-15,19.9
2016-06-16,20.025
2016-06-17,20.075
2016-06-20,18.475
2016-06-21,18.675
2016-06-22,19.425
2016-06-23,16.675
2016-06-24,22.65
2016-06-27,23.65
2016-06-28,18.875
2016-06-29,17.475
2016-06-30,16.975
2016-07-01,16.775
2016-07-04,16.825
2016-07-05,16.825
2016-07-06,16.175
2016-07-07,15.925
2016-07-08,14.775
2016-07-11,14.625
2016-07-12,14.275
2016-07-13,14.175
2016-07-14,14.025
2016-07-15,13.825
2016-07-18,13.075
2016-07-19,12.225
2016-07-20,11.8
2016-07-21,15.825
2016-07-22,15.375
2016-07-25,15.325
2016-07-26,15.175
2016-07-27,14.775
2016-07-28,14.375
2016-07-29,13.825
2016-08-01,13.625
2016-08-02,14.225
2016-08-03,13.825
2016-08-04,13.425
2016-08-05,12.875
2016-08-08,12.475
2016-08-09,12.375
2016-08-10,12.875
2016-08-11,12.625
2016-08-12,12.325
2016-08-15,12.225
2016-08-16,12.825
2016-08-17,12.65
2016-08-18,14.575
2016-08-19,14.675
2016-08-22,14.725
2016-08-23,14.675
2016-08-24,15.125
2016-08-25,14.975
2016-08-26,15.125
2016-08-29,14.675
2016-08-30,14.525
2016-08-31,14.575
2016-09-01,14.575
2016-09-02,13.925
2016-09-05,13.375
2016-09-06,13.375
2016-09-07,13.225
2016-09-08,13.375
2016-09-09,16.475
2016-09-12,15.325
2016-09-13,17.775
2016-09-14,18.375
2016-09-15,17.075
2016-09-16,16.025
2016-09-19,15.675
2016-09-20,15.875
2016-09-21,15.3
2016-09-22,15.325
2016-09-23,15.575
2016-09-26,16.275
2016-09-27,15.525
2016-09-28,15.225
2016-09-29,15.925
2016-09-30,15.775
2016-10-03,15.475
2016-10-04,15.325
2016-10-05,15.125
2016-10-06,14.975
2016-10-07,15.325
2016-10-10,14.675
2016-10-11,15.825
2016-10-12,16.325
2016-10-13,17.025
2016-10-14,16.625
2016-10-17,16.525
2016-10-18,15.675
2016-10-19,15.2
2016-10-20,15.775
2016-10-21,15.575
2016-10-24,14.925
2016-10-25,15.225
2016-10-26,15.625
2016-10-27,16.075
2016-10-28,16.625
2016-10-31,17.225
2016-11-01,17.825
2016-11-02,18.525
2016-11-03,19.775
2016-11-04,19.325
2016-11-07,16.025
2016-11-08,15.975
2016-11-09,14.875
2016-11-10,15.325
2016-11-11,14.925
2016-11-14,14.475
2016-11-15,13.2
2016-11-16,13.85
2016-11-17,15.025
2016-11-18,14.975
2016-11-21,14.475
2016-11-22,14.425
2016-11-23,14.425
2016-11-24,14.325
2016-11-25,14.325
2016-11-28,14.425
2016-11-29,14.275
2016-11-30,14.525
2016-12-01,15.025
2016-12-02,15.075
2016-12-05,13.525
2016-12-06,13.125
2016-12-07,13.325
2016-12-08,13.425
2016-12-09,13.025
2016-12-12,13.425
2016-12-13,13.275
2016-12-14,13.425
2016-12-15,13.025
2016-12-16,12.725
2016-12-19,12.125
2016-12-20,11.575
2016-12-21,11.45
2016-12-22,14.275
2016-12-23,14.275
2016-12-26,13.975
2016-12-27,13.975
2016-12-28,14.625
2016-12-29,14.825
2016-12-30,15.125
2017-01-02,13.775
2017-01-03,13.775
2017-01-04,13.175
2017-01-05,13.025
2017-01-06,12.875
2017-01-09,12.925
2017-01-10,12.875
2017-01-11,12.525
2017-01-12,12.475
2017-01-13,12.175
2017-01-16,12.175
2017-01-17,12.175
2017-01-18,11.86
2017-01-19,14.225
2017-01-20,13.825
2017-01-23,13.575
2017-01-24,13.025
2017-01-25,12.725
2017-01-26,12.675
2017-01-27,12.525
2017-01-30,12.875
2017-01-31,12.925
2017-02-01,12.675
2017-02-02,12.925
2017-02-03,12.475
2017-02-06,12.475
2017-02-07,12.575
2017-02-08,12.575
2017-02-09,12.025
2017-02-10,11.725
2017-02-13,11.425
2017-02-14,11.175
2017-02-15,11.5
2017-02-16,12.975
2017-02-17,13.125
2017-02-20,13.175
2017-02-21,13.175
2017-02-22,13.225
2017-02-23,13.525
2017-02-24,13.325
2017-02-27,13.275
2017-02-28,13.525
2017-03-01,13.275
2017-03-02,13.275
2017-03-03,12.825
2017-03-06,12.675
2017-03-07,12.625
2017-03-08,12.675
2017-03-09,12.775
2017-03-10,12.525
2017-03-13,12.125
2017-03-14,12.625
2017-03-15,12.275
2017-03-16,11.925
2017-03-17,11.775
2017-03-20,11.625
2017-03-21,12.175
2017-03-22,12.15
2017-03-23,14.275
2017-03-24,13.925
2017-03-27,13.575
2017-03-28,12.925
2017-03-29,12.925
2017-03-30,12.825
2017-03-31,13.275
2017-04-03,13.475
2017-04-04,13.225
2017-04-05,13.875
2017-04-06,13.575
2017-04-07,14.025
2017-04-10,15.025
2017-04-11,15.975
2017-04-12,16.275
2017-04-13,16.325
2017-04-14,15.075
2017-04-17,15.075
2017-04-18,14.725
2017-04-19,14.3
2017-04-20,14.325
2017-04-21,14.325
2017-04-24,12.675
2017-04-25,12.475
2017-04-26,12.375
2017-04-27,12.375
2017-04-28,12.275
2017-05-01,11.825
2017-05-02,11.825
2017-05-03,12.075
2017-05-04,11.725
2017-05-05,11.775
2017-05-08,11.425
2017-05-09,11.425
2017-05-10,11.525
2017-05-11,11.425
2017-05-12,11.225
2017-05-15,10.825
2017-05-16,11.075
2017-05-17,12.2
2017-05-18,14.275
2017-05-19,12.725
2017-05-22,12.225
2017-05-23,12.325
2017-05-24,11.975
2017-05-25,12.025
2017-05-26,11.925
2017-05-29,11.825
2017-05-30,11.825
2017-05-31,11.825
2017-06-01,11.625
2017-06-02,11.625
2017-06-05,11.775
2017-06-06,11.975
2017-06-07,11.875
2017-06-08,11.625
2017-06-09,11.725
2017-06-12,11.875
2017-06-13,11.425
2017-06-14,11.475
2017-06-15,11.525
2017-06-16,11.325
2017-06-19,10.875
2017-06-20,11.125
2017-06-21,11.15
2017-06-22,11.975
2017-06-23,11.875
2017-06-26,11.625
2017-06-27,12.025
2017-06-28,11.675
2017-06-29,12.025
2017-06-30,12.325
2017-07-03,12.575
2017-07-04,12.325
2017-07-05,12.325
2017-07-06,13.025
2017-07-07,12.575
2017-07-10,12.225
2017-07-11,12.125
2017-07-12,11.525
2017-07-13,11.075
2017-07-14,10.575
2017-07-17,10.275
2017-07-18,10.125
2017-07-19,9.85
2017-07-20,11.475
2017-07-21,11.375
2017-07-24,11.325
2017-07-25,11.175
2017-07-26,11.275
2017-07-27,11.425
2017-07-28,11.375
2017-07-31,11.275
2017-08-01,11.225
2017-08-02,11.275
2017-08-03,11.325
2017-08-04,11.275
2017-08-07,11.125
2017-08-08,11.525
2017-08-09,11.725
2017-08-10,15.525
2017-08-11,15.425
2017-08-14,12.45
2017-08-15,12.325
2017-08-16,12.16
2017-08-17,14.925
2017-08-18,14.975
2017-08-21,14.125
2017-08-22,12.975
2017-08-23,13.625
2017-08-24,13.425
2017-08-25,13.075
2017-08-28,13.025
2017-08-29,13.175
2017-08-30,13.175
2017-08-31,12.625
2017-09-01,12.625
2017-09-04,13.175
2017-09-05,13.175
2017-09-06,13.175
2017-09-07,12.825
2017-09-08,13.275
2017-09-11,12.075
2017-09-12,11.875
2017-09-13,11.525
2017-09-14,11.475
2017-09-15,11.125
2017-09-18,10.675
2017-09-19,10.825
2017-09-20,10.45
2017-09-21,12.325
2017-09-22,12.425
2017-09-25,12.375
2017-09-26,12.275
2017-09-27,12.175
2017-09-28,11.925
2017-09-29,11.675
2017-10-02,11.375
2017-10-03,11.375
2017-10-04,11.325
2017-10-05,10.825
2017-10-06,10.825
2017-10-09,11.125
2017-10-10,10.925
2017-10-11,10.775
2017-10-12,10.575
2017-10-13,10.275
2017-10-16,10.275
2017-10-17,10.375
2017-10-18,10.3
2017-10-19,11.475
2017-10-20,11.325
2017-10-23,11.775
2017-10-24,11.925
2017-10-25,12.025
2017-10-26,12.075
2017-10-27,11.425
2017-10-30,11.575
2017-10-31,11.275
2017-11-01,11.375
2017-11-02,11.125
2017-11-03,10.975
2017-11-06,10.725
2017-11-07,10.875
2017-11-08,10.875
2017-11-09,11.125
2017-11-10,11.6
2017-11-13,11.625
2017-11-14,12.05
2017-11-15,13.05
2017-11-16,12.675
2017-11-17,12.625
2017-11-20,12.075
2017-11-21,11.625
2017-11-22,11.475
2017-11-23,11.425
2017-11-24,11.425
2017-11-27,11.325
2017-11-28,11.275
2017-11-29,11.475
2017-11-30,11.675
2017-12-01,11.875
2017-12-04,11.925
2017-12-05,11.875
2017-12-06,11.725
2017-12-07,11.175
2017-12-08,10.875
2017-12-11,10.325
2017-12-12,10.375
2017-12-13,10.525
2017-12-14,10.375
2017-12-15,9.925
2017-12-18,9.875
2017-12-19,10.075
2017-12-20,9.6
2017-12-21,11.225
2017-12-22,11.425
2017-12-25,11.325
2017-12-26,11.325
2017-12-27,11.325
2017-12-28,11.225
2017-12-29,11.475
2018-01-01,10.875
2018-01-02,10.875
2018-01-03,10.675
2018-01-04,10.575
2018-01-05,10.475
2018-01-08,10.475
2018-01-09,10.675
2018-01-10,10.575
2018-01-11,10.475
2018-01-12,10.575
2018-01-15,11.775
2018-01-16,11.775
2018-01-17,11.95
2018-01-18,12.075
2018-01-19,11.925
2018-01-22,11.825
2018-01-23,11.975
2018-01-24,12.225
2018-01-25,12.425
2018-01-26,12.325
2018-01-29,13.525
2018-01-30,13.975
2018-01-31,13.475
2018-02-01,13.275
2018-02-02,15.625
2018-02-05,33.225
2018-02-06,23.875
2018-02-07,23.425
2018-02-08,28.1
2018-02-09,27.175
2018-02-12,25.825
2018-02-13,25.225
2018-02-14,25.35
2018-02-15,17.525
2018-02-16,17.775
2018-02-19,18.375
2018-02-20,18.375
2018-02-21,18.575
2018-02-22,18.075
2018-02-23,16.775
2018-02-26,16.175
2018-02-27,17.525
2018-02-28,18.575
2018-03-01,19.975
2018-03-02,19.025
2018-03-05,18.275
2018-03-06,18.325
2018-03-07,17.875
2018-03-08,17.225
2018-03-09,15.775
2018-03-12,16.175
2018-03-13,16.775
2018-03-14,17.375
2018-03-15,16.775
2018-03-16,16.275
2018-03-19,18.175
2018-03-20,18.375
2018-03-21,17.76
2018-03-22,19.375
2018-03-23,20.425
2018-03-26,19.325
2018-03-27,20.425
2018-03-28,21.025
2018-03-29,19.775
2018-03-30,21.425
2018-04-02,21.425
2018-04-03,20.475
2018-04-04,19.975
2018-04-05,19.075
2018-04-06,20.625
2018-04-09,20.825
2018-04-10,20.175
2018-04-11,20.075
2018-04-12,18.825
2018-04-13,17.925
2018-04-16,16.825
2018-04-17,15.325
2018-04-18,17.26
2018-04-19,16.575
2018-04-20,17.025
2018-04-23,16.825
2018-04-24,17.675
2018-04-25,17.725
2018-04-26,16.875
2018-04-27,16.425
2018-04-30,16.625
2018-05-01,16.275
2018-05-02,16.625
2018-05-03,16.525
2018-05-04,15.875
2018-05-07,15.725
2018-05-08,15.775
2018-05-09,14.825
2018-05-10,14.175
2018-05-11,13.675
2018-05-14,13.375
2018-05-15,14.875
2018-05-16,13.79
2018-05-17,14.375
2018-05-18,14.525
2018-05-21,14.075
2018-05-22,14.225
2018-05-23,13.875
2018-05-24,13.825
2018-05-25,14.125
2018-05-28,15.925
2018-05-29,15.925
2018-05-30,15.175
2018-05-31,15.425
2018-06-01,14.425
2018-06-04,13.925
2018-06-05,13.625
2018-06-06,13.075
2018-06-07,13.175
2018-06-08,13.325
2018-06-11,12.875
2018-06-12,12.775
2018-06-13,13.225
2018-06-14,12.675
2018-06-15,12.575
2018-06-18,12.675
2018-06-19,13.575
2018-06-20,12.27
2018-06-21,14.875
2018-06-22,14.425
2018-06-25,16.325
2018-06-26,15.875
2018-06-27,16.925
2018-06-28,16.525
2018-06-29,16.025
2018-07-02,16.025
2018-07-03,16.375
2018-07-04,15.475
2018-07-05,15.475
2018-07-06,14.575
2018-07-09,13.775
2018-07-10,13.425
2018-07-11,14.175
2018-07-12,13.325
2018-07-13,12.975
2018-07-16,12.975
2018-07-17,12.125
2018-07-18,12.38
2018-07-19,14.175
2018-07-20,14.275
2018-07-23,14.075
2018-07-24,14.075
2018-07-25,13.825
2018-07-26,13.85
2018-07-27,14.325
2018-07-30,14.875
2018-07-31,14.075
2018-08-01,14.275
2018-08-02,13.925
2018-08-03,13.525
2018-08-06,13.025
2018-08-07,12.725
2018-08-08,12.575
2018-08-09,12.675
2018-08-10,13.775
2018-08-13,14.875
2018-08-14,13.725
2018-08-15,14.875
2018-08-16,13.725
2018-08-17,13.075
2018-08-20,12.775
2018-08-21,12.875
2018-08-22,12.61
2018-08-23,14.225
2018-08-24,14.125
2018-08-27,14.125
2018-08-28,14.075
2018-08-29,13.925
2018-08-30,14.525
2018-08-31,14.025
2018-09-03,14.225
2018-09-04,14.225
2018-09-05,14.575
2018-09-06,15.175
2018-09-07,15.375
2018-09-10,14.775
2018-09-11,14.225
2018-09-12,14.025
2018-09-13,13.375
2018-09-14,12.875
2018-09-17,13.575
2018-09-18,12.725
2018-09-19,11.94
2018-09-20,14.025
2018-09-21,14.125
2018-09-24,14.025
2018-09-25,14.075
2018-09-26,14.425
2018-09-27,14.125
2018-09-28,13.975
2018-10-01,13.925
2018-10-02,13.975
2018-10-03,13.775
2018-10-04,14.875
2018-10-05,15.225
2018-10-08,15.675
2018-10-09,15.975
2018-10-10,20.125
2018-10-11,21.175
2018-10-12,19.925
2018-10-15,20.125
2018-10-16,17.675
2018-10-17,17.23
2018-10-18,18.425
2018-10-19,18.425
2018-10-22,18.625
2018-10-23,18.825
2018-10-24,20.625
2018-10-25,20.925
2018-10-26,21.075
2018-10-29,21.525
2018-10-30,20.925
2018-10-31,20.275
2018-11-01,19.275
2018-11-02,19.575
2018-11-05,19.425
2018-11-06,18.625
2018-11-07,16.825
2018-11-08,16.975
2018-11-09,17.475
2018-11-12,19.575
2018-11-13,19.425
2018-11-14,20.175
2018-11-15,19.375
2018-11-16,18.275
2018-11-19,19.925
2018-11-20,22.175
2018-11-21,22.07
2018-11-22,20.475
2018-11-23,20.475
2018-11-26,18.925
2018-11-27,18.775
2018-11-28,18.225
2018-11-29,18.375
2018-11-30,17.675
2018-12-03,16.775
2018-12-04,19.425
2018-12-05,19.025
2018-12-06,19.925
2018-12-07,21.425
2018-12-10,21.325
2018-12-11,21.275
2018-12-12,21.075
2018-12-13,20.725
2018-12-14,21.725
2018-12-17,23.475
2018-12-18,24.675
2018-12-19,26.2
2018-12-20,22.725
2018-12-21,24.3
2018-12-24,25.9
2018-12-25,24.675
2018-12-26,24.675
2018-12-27,25.025
2018-12-28,25.325
2018-12-31,24.175
2019-01-01,23.125
2019-01-02,23.125
2019-01-03,24.375
2019-01-04,21.925
2019-01-07,21.425
2019-01-08,20.625
2019-01-09,20.125
2019-01-10,19.875
2019-01-11,19.025
2019-01-14,19.225
2019-01-15,18.825
2019-01-16,18.87
2019-01-17,18.525
2019-01-18,18.325
2019-01-21,20.175
2019-01-22,20.175
2019-01-23,19.725
2019-01-24,19.175
2019-01-25,18.275
2019-01-28,19.125
2019-01-29,18.925
2019-01-30,17.975
2019-01-31,17.125
2019-02-01,17.025
2019-02-04,16.525
2019-02-05,16.525
2019-02-06,16.375
2019-02-07,17.175
2019-02-08,16.625
2019-02-11,16.225
2019-02-12,15.625
2019-02-13,15.6
2019-02-14,16.925
2019-02-15,16.325
2019-02-18,16.325
2019-02-19,16.325
2019-02-20,15.575
2019-02-21,15.875
2019-02-22,15.175
2019-02-25,15.575
2019-02-26,15.725
2019-02-27,15.675
2019-02-28,15.575
2019-03-01,14.825
2019-03-04,15.275
2019-03-05,15.475
2019-03-06,16.075
2019-03-07,16.725
2019-03-08,16.675
2019-03-11,15.025
2019-03-12,14.475
2019-03-13,14.075
2019-03-14,13.925
2019-03-15,13.475
2019-03-18,12.925
2019-03-19,12.35
2019-03-20,15.325
2019-03-21,15.075
2019-03-22,16.725
2019-03-25,16.825
2019-03-26,15.925
2019-03-27,16.225
2019-03-28,15.625
2019-03-29,15.225
2019-04-01,14.875
2019-04-02,14.875
2019-04-03,14.875
2019-04-04,14.775
2019-04-05,14.325
2019-04-08,14.475
2019-04-09,15.075
2019-04-10,14.425
2019-04-11,13.825
2019-04-12,12.775
2019-04-15,12.575
2019-04-16,12.575
2019-04-17,11.71
2019-04-18,14.425
2019-04-19,14.175
2019-04-22,14.175
2019-04-23,14.125
2019-04-24,14.575
2019-04-25,14.825
2019-04-26,14.325
2019-04-29,14.525
2019-04-30,14.425
2019-05-01,15.225
2019-05-02,15.175
2019-05-03,14.275
2019-05-06,15.525
2019-05-07,17.875
2019-05-08,18.175
2019-05-09,17.975
2019-05-10,16.125
2019-05-13,19.525
2019-05-14,18.125
2019-05-15,16.925
2019-05-16,15.725
2019-05-17,15.875
2019-05-20,16.125
2019-05-21,15.025
2019-05-22,15.01
2019-05-23,17.325
2019-05-24,16.725
2019-05-27,17.375
2019-05-28,17.375
2019-05-29,17.775
2019-05-30,17.425
2019-05-31,18.175
2019-06-03,18.275
2019-06-04,17.225
2019-06-05,16.625
2019-06-06,16.475
2019-06-07,16.725
2019-06-10,16.375
2019-06-11,16.475
2019-06-12,16.325
2019-06-13,16.125
2019-06-14,15.775
2019-06-17,15.275
2019-06-18,15.075
2019-06-19,14.8
2019-06-20,16.125
2019-06-21,16.525
2019-06-24,16.275
2019-06-25,16.675
2019-06-26,16.525
2019-06-27,16.075
2019-06-28,15.525
2019-07-01,14.925
2019-07-02,14.225
2019-07-03,14.025
2019-07-04,14.325
2019-07-05,14.325
2019-07-08,14.875
2019-07-09,14.825
2019-07-10,14.025
2019-07-11,13.625
2019-07-12,13.125
2019-07-15,12.875
2019-07-16,12.775
2019-07-17,12.69
2019-07-18,15.325
2019-07-19,15.875
2019-07-22,15.175
2019-07-23,14.775
2019-07-24,14.375
2019-07-25,14.675
2019-07-26,14.375
2019-07-29,14.475
2019-07-30,15.075
2019-07-31,16.075
2019-08-01,17.475
2019-08-02,17.475
2019-08-05,21.625
2019-08-06,19.675
2019-08-07,19.375
2019-08-08,17.725
2019-08-09,18.475
2019-08-12,20.775
2019-08-13,18.125
2019-08-14,21.425
2019-08-15,21.175
2019-08-16,18.775
2019-08-19,16.825
2019-08-20,17.225
2019-08-21,15.63
2019-08-22,17.875
2019-08-23,19.675
2019-08-26,19.425
2019-08-27,20.125
2019-08-28,19.375
2019-08-29,18.475
2019-08-30,18.825
2019-09-02,19.525
2019-09-03,19.525
2019-09-04,18.075
2019-09-05,17.275
2019-09-06,16.525
2019-09-09,16.77
